IA,IB,IC,IP,IG,VA(kV),VB(kV),VC(kV),VS(kV),V1MEM,FREQ,VDC,IAL,IBL,ICL,IAX,IBX,ICX,IAY,IBY,ICY,IAT,IBT,ICT
89.0,-197.0,97.0,0.0,-11.0,-68.2,82.3,-14.5,0.0,-0.4,60.0,-0.0,-99999.0,-99999.0,-99999.0,-99999.0,-99999.0,-99999.0,-99999.0,-99999.0,-99999.0,-99999.0,-99999.0,-99999.0
-137.0,-82.0,214.0,0.0,-5.0,37.2,38.3,-75.5,0.0,-7.9,60.0,-0.0,-99999.0,-99999.0,-99999.0,-99999.0,-99999.0,-99999.0,-99999.0,-99999.0,-99999.0,-99999.0,-99999.0,-99999.0
-90.0,196.0,-100.0,-1.0,6.0,67.8,-82.2,14.6,-0.0,0.6,60.0,-0.0,-99999.0,-99999.0,-99999.0,-99999.0,-99999.0,-99999.0,-99999.0,-99999.0,-99999.0,-99999.0,-99999.0,-99999.0
134.0,82.0,-215.0,0.0,1.0,-37.4,-38.0,75.3,0.0,8.3,60.0,-0.0,-99999.0,-99999.0,-99999.0,-99999.0,-99999.0,-99999.0,-99999.0,-99999.0,-99999.0,-99999.0,-99999.0,-99999.0
90.0,-198.0,98.0,0.0,-10.0,-67.6,82.1,-14.8,0.0,-0.7,60.0,-0.0,-99999.0,-99999.0,-99999.0,-99999.0,-99999.0,-99999.0,-99999.0,-99999.0,-99999.0,-99999.0,-99999.0,-99999.0
-137.0,-83.0,214.0,-1.0,-6.0,37.5,37.8,-75.2,0.0,-8.5,60.0,-0.0,-99999.0,-99999.0,-99999.0,-99999.0,-99999.0,-99999.0,-99999.0,-99999.0,-99999.0,-99999.0,-99999.0,-99999.0
-94.0,196.0,-97.0,0.0,5.0,69.2,-82.1,13.2,-0.0,1.0,60.0,-0.0,-99999.0,-99999.0,-99999.0,-99999.0,-99999.0,-99999.0,-99999.0,-99999.0,-99999.0,-99999.0,-99999.0,-99999.0
136.0,82.0,-217.0,0.0,0.0,-40.3,-37.6,77.8,-0.0,8.2,60.0,-0.0,-99999.0,-99999.0,-99999.0,-99999.0,-99999.0,-99999.0,-99999.0,-99999.0,-99999.0,-99999.0,-99999.0,-99999.0
92.0,-193.0,94.0,-1.0,-7.0,-70.6,82.2,-12.0,0.0,-1.2,60.0,-0.0,-99999.0,-99999.0,-99999.0,-99999.0,-99999.0,-99999.0,-99999.0,-99999.0,-99999.0,-99999.0,-99999.0,-99999.0
-138.0,-85.0,217.0,0.0,-6.0,43.9,37.3,-81.3,-0.0,-8.1,60.0,-0.0,-99999.0,-99999.0,-99999.0,-99999.0,-99999.0,-99999.0,-99999.0,-99999.0,-99999.0,-99999.0,-99999.0,-99999.0
-89.0,190.0,-97.0,0.0,4.0,70.3,-82.6,12.6,-0.0,1.2,60.0,-0.0,-99999.0,-99999.0,-99999.0,-99999.0,-99999.0,-99999.0,-99999.0,-99999.0,-99999.0,-99999.0,-99999.0,-99999.0
134.0,84.0,-217.0,-1.0,1.0,-45.2,-37.0,82.1,0.0,8.0,60.0,-0.0,-99999.0,-99999.0,-99999.0,-99999.0,-99999.0,-99999.0,-99999.0,-99999.0,-99999.0,-99999.0,-99999.0,-99999.0
84.0,-190.0,97.0,-1.0,-8.0,-70.2,82.9,-13.0,0.0,-1.2,60.0,-0.0,-99999.0,-99999.0,-99999.0,-99999.0,-99999.0,-99999.0,-99999.0,-99999.0,-99999.0,-99999.0,-99999.0,-99999.0
-136.0,-85.0,215.0,0.0,-6.0,45.7,36.6,-82.2,-0.0,-7.9,60.0,-0.0,-99999.0,-99999.0,-99999.0,-99999.0,-99999.0,-99999.0,-99999.0,-99999.0,-99999.0,-99999.0,-99999.0,-99999.0
-84.0,188.0,-101.0,0.0,4.0,70.0,-83.2,13.4,-0.0,1.2,60.0,-0.0,-99999.0,-99999.0,-99999.0,-99999.0,-99999.0,-99999.0,-99999.0,-99999.0,-99999.0,-99999.0,-99999.0,-99999.0
133.0,83.0,-216.0,-1.0,0.0,-46.2,-36.1,82.3,-0.0,7.8,60.0,-0.0,-99999.0,-99999.0,-99999.0,-99999.0,-99999.0,-99999.0,-99999.0,-99999.0,-99999.0,-99999.0,-99999.0,-99999.0
104.0,-191.0,80.0,0.0,-6.0,-71.7,83.5,-12.0,0.0,-1.2,60.0,-0.0,-99999.0,-99999.0,-99999.0,-99999.0,-99999.0,-99999.0,-99999.0,-99999.0,-99999.0,-99999.0,-99999.0,-99999.0
-132.0,-84.0,211.0,0.0,-5.0,49.9,35.7,-85.6,0.0,-7.7,60.0,-0.0,-99999.0,-99999.0,-99999.0,-99999.0,-99999.0,-99999.0,-99999.0,-99999.0,-99999.0,-99999.0,-99999.0,-99999.0
-148.0,191.0,-41.0,-1.0,2.0,73.2,-83.9,11.0,-0.0,1.2,60.0,-0.0,-99999.0,-99999.0,-99999.0,-99999.0,-99999.0,-99999.0,-99999.0,-99999.0,-99999.0,-99999.0,-99999.0,-99999.0
125.0,83.0,-208.0,-1.0,0.0,-54.5,-35.3,89.8,-0.0,7.4,60.0,-0.0,-99999.0,-99999.0,-99999.0,-99999.0,-99999.0,-99999.0,-99999.0,-99999.0,-99999.0,-99999.0,-99999.0,-99999.0
166.0,-191.0,18.0,-1.0,-7.0,-72.7,84.5,-12.1,0.0,-1.2,60.0,-0.0,-99999.0,-99999.0,-99999.0,-99999.0,-99999.0,-99999.0,-99999.0,-99999.0,-99999.0,-99999.0,-99999.0,-99999.0
-124.0,-83.0,204.0,0.0,-2.0,56.0,34.7,-90.7,0.0,-7.2,60.0,-0.0,-99999.0,-99999.0,-99999.0,-99999.0,-99999.0,-99999.0,-99999.0,-99999.0,-99999.0,-99999.0,-99999.0,-99999.0
-164.0,188.0,-22.0,0.0,2.0,72.3,-85.0,12.9,-0.0,1.1,60.0,-0.0,-99999.0,-99999.0,-99999.0,-99999.0,-99999.0,-99999.0,-99999.0,-99999.0,-99999.0,-99999.0,-99999.0,-99999.0
122.0,80.0,-205.0,-1.0,-2.0,-56.7,-34.2,90.9,-0.0,6.9,60.0,-0.0,-99999.0,-99999.0,-99999.0,-99999.0,-99999.0,-99999.0,-99999.0,-99999.0,-99999.0,-99999.0,-99999.0,-99999.0
162.0,-190.0,22.0,0.0,-6.0,-72.0,85.3,-13.5,0.0,-1.1,60.0,-0.0,-99999.0,-99999.0,-99999.0,-99999.0,-99999.0,-99999.0,-99999.0,-99999.0,-99999.0,-99999.0,-99999.0,-99999.0
-125.0,-80.0,203.0,0.0,-2.0,57.2,33.7,-91.0,-0.0,-6.7,60.0,-0.0,-99999.0,-99999.0,-99999.0,-99999.0,-99999.0,-99999.0,-99999.0,-99999.0,-99999.0,-99999.0,-99999.0,-99999.0
-162.0,187.0,-23.0,-1.0,2.0,71.8,-85.6,14.1,-0.0,1.1,60.0,-0.0,-99999.0,-99999.0,-99999.0,-99999.0,-99999.0,-99999.0,-99999.0,-99999.0,-99999.0,-99999.0,-99999.0,-99999.0
124.0,78.0,-203.0,-1.0,-1.0,-57.7,-33.3,91.0,0.0,6.5,60.0,-0.0,-99999.0,-99999.0,-99999.0,-99999.0,-99999.0,-99999.0,-99999.0,-99999.0,-99999.0,-99999.0,-99999.0,-99999.0
160.0,-188.0,23.0,0.0,-6.0,-71.6,85.9,-14.6,0.0,-1.0,60.0,-0.0,-99999.0,-99999.0,-99999.0,-99999.0,-99999.0,-99999.0,-99999.0,-99999.0,-99999.0,-99999.0,-99999.0,-99999.0
-126.0,-78.0,200.0,0.0,-4.0,58.1,32.9,-91.0,0.0,-6.3,60.0,-0.0,-99999.0,-99999.0,-99999.0,-99999.0,-99999.0,-99999.0,-99999.0,-99999.0,-99999.0,-99999.0,-99999.0,-99999.0
-160.0,187.0,-25.0,-1.0,2.0,71.4,-86.2,15.1,-0.0,1.0,60.0,-0.0,-99999.0,-99999.0,-99999.0,-99999.0,-99999.0,-99999.0,-99999.0,-99999.0,-99999.0,-99999.0,-99999.0,-99999.0
126.0,74.0,-202.0,-1.0,-1.0,-58.6,-32.4,91.1,-0.0,6.1,60.0,-0.0,-99999.0,-99999.0,-99999.0,-99999.0,-99999.0,-99999.0,-99999.0,-99999.0,-99999.0,-99999.0,-99999.0,-99999.0
157.0,-188.0,25.0,1.0,-6.0,-71.1,86.4,-15.6,0.0,-1.0,60.0,-0.0,-99999.0,-99999.0,-99999.0,-99999.0,-99999.0,-99999.0,-99999.0,-99999.0,-99999.0,-99999.0,-99999.0,-99999.0
-127.0,-74.0,199.0,0.0,-2.0,59.0,32.0,-91.1,0.0,-5.9,60.0,-0.0,-99999.0,-99999.0,-99999.0,-99999.0,-99999.0,-99999.0,-99999.0,-99999.0,-99999.0,-99999.0,-99999.0,-99999.0
-158.0,187.0,-28.0,-1.0,1.0,70.8,-86.6,16.0,-0.0,0.9,60.0,-0.0,-99999.0,-99999.0,-99999.0,-99999.0,-99999.0,-99999.0,-99999.0,-99999.0,-99999.0,-99999.0,-99999.0,-99999.0
126.0,73.0,-199.0,0.0,0.0,-59.4,-31.7,91.0,-0.0,5.7,60.0,-0.0,-99999.0,-99999.0,-99999.0,-99999.0,-99999.0,-99999.0,-99999.0,-99999.0,-99999.0,-99999.0,-99999.0,-99999.0
156.0,-188.0,26.0,-1.0,-6.0,-70.6,86.8,-16.4,0.0,-0.9,60.0,-0.0,-99999.0,-99999.0,-99999.0,-99999.0,-99999.0,-99999.0,-99999.0,-99999.0,-99999.0,-99999.0,-99999.0,-99999.0
-128.0,-74.0,198.0,0.0,-5.0,59.6,31.4,-91.0,0.0,-5.5,60.0,-0.0,-99999.0,-99999.0,-99999.0,-99999.0,-99999.0,-99999.0,-99999.0,-99999.0,-99999.0,-99999.0,-99999.0,-99999.0
-156.0,186.0,-29.0,0.0,1.0,70.5,-86.9,16.7,-0.0,0.9,60.0,-0.0,-99999.0,-99999.0,-99999.0,-99999.0,-99999.0,-99999.0,-99999.0,-99999.0,-99999.0,-99999.0,-99999.0,-99999.0
127.0,72.0,-198.0,-1.0,1.0,-59.8,-31.2,91.0,0.0,5.4,60.0,-0.0,-99999.0,-99999.0,-99999.0,-99999.0,-99999.0,-99999.0,-99999.0,-99999.0,-99999.0,-99999.0,-99999.0,-99999.0
154.0,-187.0,28.0,-1.0,-6.0,-70.3,87.0,-16.9,0.0,-0.8,60.0,-0.0,-99999.0,-99999.0,-99999.0,-99999.0,-99999.0,-99999.0,-99999.0,-99999.0,-99999.0,-99999.0,-99999.0,-99999.0
-128.0,-72.0,197.0,0.0,-4.0,60.0,30.9,-91.0,-0.0,-5.2,60.0,-0.0,-99999.0,-99999.0,-99999.0,-99999.0,-99999.0,-99999.0,-99999.0,-99999.0,-99999.0,-99999.0,-99999.0,-99999.0
-155.0,186.0,-29.0,-1.0,2.0,70.2,-87.1,17.2,-0.0,0.8,60.0,-0.0,-99999.0,-99999.0,-99999.0,-99999.0,-99999.0,-99999.0,-99999.0,-99999.0,-99999.0,-99999.0,-99999.0,-99999.0
127.0,70.0,-198.0,-1.0,-1.0,-60.2,-30.7,91.0,0.0,5.0,60.0,-0.0,-99999.0,-99999.0,-99999.0,-99999.0,-99999.0,-99999.0,-99999.0,-99999.0,-99999.0,-99999.0,-99999.0,-99999.0
154.0,-187.0,29.0,0.0,-5.0,-70.0,87.2,-17.4,0.0,-0.8,60.0,-0.0,-99999.0,-99999.0,-99999.0,-99999.0,-99999.0,-99999.0,-99999.0,-99999.0,-99999.0,-99999.0,-99999.0,-99999.0
-130.0,-71.0,197.0,0.0,-4.0,60.4,30.5,-90.9,0.0,-4.9,60.0,-0.0,-99999.0,-99999.0,-99999.0,-99999.0,-99999.0,-99999.0,-99999.0,-99999.0,-99999.0,-99999.0,-99999.0,-99999.0
-155.0,186.0,-30.0,-1.0,1.0,69.9,-87.3,17.6,-0.0,0.7,60.0,-0.0,-99999.0,-99999.0,-99999.0,-99999.0,-99999.0,-99999.0,-99999.0,-99999.0,-99999.0,-99999.0,-99999.0,-99999.0
128.0,70.0,-198.0,-1.0,0.0,-60.6,-30.3,90.9,0.0,4.7,60.0,-0.0,-99999.0,-99999.0,-99999.0,-99999.0,-99999.0,-99999.0,-99999.0,-99999.0,-99999.0,-99999.0,-99999.0,-99999.0
152.0,-188.0,30.0,0.0,-6.0,-69.8,87.4,-17.8,0.0,-0.7,60.0,-0.0,-99999.0,-99999.0,-99999.0,-99999.0,-99999.0,-99999.0,-99999.0,-99999.0,-99999.0,-99999.0,-99999.0,-99999.0
-130.0,-70.0,196.0,-1.0,-4.0,60.8,30.1,-90.9,0.0,-4.6,60.0,-0.0,-99999.0,-99999.0,-99999.0,-99999.0,-99999.0,-99999.0,-99999.0,-99999.0,-99999.0,-99999.0,-99999.0,-99999.0
-152.0,187.0,-31.0,-1.0,4.0,69.7,-87.5,18.0,-0.0,0.7,60.0,-0.0,-99999.0,-99999.0,-99999.0,-99999.0,-99999.0,-99999.0,-99999.0,-99999.0,-99999.0,-99999.0,-99999.0,-99999.0
128.0,67.0,-197.0,-1.0,-1.0,-60.9,-29.9,90.9,-0.0,4.4,60.02,-0.0,-99999.0,-99999.0,-99999.0,-99999.0,-99999.0,-99999.0,-99999.0,-99999.0,-99999.0,-99999.0,-99999.0,-99999.0
151.0,-188.0,30.0,-1.0,-7.0,-69.6,87.5,-18.2,0.0,-0.7,60.02,-0.0,-99999.0,-99999.0,-99999.0,-99999.0,-99999.0,-99999.0,-99999.0,-99999.0,-99999.0,-99999.0,-99999.0,-99999.0
-130.0,-68.0,196.0,0.0,-2.0,61.1,29.8,-90.8,-0.0,-4.3,60.02,-0.0,-99999.0,-99999.0,-99999.0,-99999.0,-99999.0,-99999.0,-99999.0,-99999.0,-99999.0,-99999.0,-99999.0,-99999.0
-152.0,186.0,-32.0,0.0,1.0,69.5,-87.6,18.4,-0.0,0.6,60.02,-0.0,-99999.0,-99999.0,-99999.0,-99999.0,-99999.0,-99999.0,-99999.0,-99999.0,-99999.0,-99999.0,-99999.0,-99999.0
130.0,67.0,-197.0,0.0,0.0,-61.3,-29.6,90.8,0.0,4.2,60.03,-0.0,-99999.0,-99999.0,-99999.0,-99999.0,-99999.0,-99999.0,-99999.0,-99999.0,-99999.0,-99999.0,-99999.0,-99999.0
151.0,-187.0,31.0,-1.0,-5.0,-69.3,87.7,-18.6,0.0,-0.6,60.03,-0.0,-99999.0,-99999.0,-99999.0,-99999.0,-99999.0,-99999.0,-99999.0,-99999.0,-99999.0,-99999.0,-99999.0,-99999.0
-131.0,-68.0,196.0,0.0,-4.0,61.4,29.4,-90.8,0.0,-4.0,60.03,-0.0,-99999.0,-99999.0,-99999.0,-99999.0,-99999.0,-99999.0,-99999.0,-99999.0,-99999.0,-99999.0,-99999.0,-99999.0
-152.0,187.0,-34.0,0.0,1.0,69.2,-87.8,18.8,-0.0,0.6,60.03,-0.0,-99999.0,-99999.0,-99999.0,-99999.0,-99999.0,-99999.0,-99999.0,-99999.0,-99999.0,-99999.0,-99999.0,-99999.0
130.0,67.0,-197.0,-1.0,0.0,-61.6,-29.2,90.7,0.0,3.9,60.03,-0.0,-99999.0,-99999.0,-99999.0,-99999.0,-99999.0,-99999.0,-99999.0,-99999.0,-99999.0,-99999.0,-99999.0,-99999.0
150.0,-188.0,32.0,-1.0,-6.0,-69.1,87.8,-19.0,0.0,-0.6,60.03,-0.0,-99999.0,-99999.0,-99999.0,-99999.0,-99999.0,-99999.0,-99999.0,-99999.0,-99999.0,-99999.0,-99999.0,-99999.0
-131.0,-67.0,194.0,0.0,-4.0,61.7,29.0,-90.7,-0.0,-3.8,60.03,-0.0,-99999.0,-99999.0,-99999.0,-99999.0,-99999.0,-99999.0,-99999.0,-99999.0,-99999.0,-99999.0,-99999.0,-99999.0
-150.0,187.0,-34.0,0.0,4.0,68.9,-87.9,19.2,-0.0,0.6,60.03,-0.0,-99999.0,-99999.0,-99999.0,-99999.0,-99999.0,-99999.0,-99999.0,-99999.0,-99999.0,-99999.0,-99999.0,-99999.0
130.0,65.0,-196.0,-1.0,-1.0,-61.8,-28.7,90.6,0.0,3.7,60.03,-0.0,-99999.0,-99999.0,-99999.0,-99999.0,-99999.0,-99999.0,-99999.0,-99999.0,-99999.0,-99999.0,-99999.0,-99999.0
149.0,-188.0,34.0,0.0,-6.0,-68.5,87.7,-19.4,0.0,-0.5,60.03,-0.0,-99999.0,-99999.0,-99999.0,-99999.0,-99999.0,-99999.0,-99999.0,-99999.0,-99999.0,-99999.0,-99999.0,-99999.0
-131.0,-65.0,194.0,0.0,-1.0,61.9,28.7,-90.5,-0.0,-3.5,60.03,-0.0,-99999.0,-99999.0,-99999.0,-99999.0,-99999.0,-99999.0,-99999.0,-99999.0,-99999.0,-99999.0,-99999.0,-99999.0
-149.0,187.0,-36.0,-1.0,2.0,68.4,-87.8,19.5,-0.0,0.5,60.03,-0.0,-99999.0,-99999.0,-99999.0,-99999.0,-99999.0,-99999.0,-99999.0,-99999.0,-99999.0,-99999.0,-99999.0,-99999.0
131.0,64.0,-196.0,-1.0,-1.0,-62.0,-28.5,90.5,0.0,3.4,60.03,-0.0,-99999.0,-99999.0,-99999.0,-99999.0,-99999.0,-99999.0,-99999.0,-99999.0,-99999.0,-99999.0,-99999.0,-99999.0
148.0,-188.0,35.0,0.0,-6.0,-68.3,87.8,-19.7,0.0,-0.5,60.03,-0.0,-99999.0,-99999.0,-99999.0,-99999.0,-99999.0,-99999.0,-99999.0,-99999.0,-99999.0,-99999.0,-99999.0,-99999.0
-132.0,-65.0,193.0,0.0,-4.0,62.2,28.3,-90.5,-0.0,-3.3,60.03,-0.0,-99999.0,-99999.0,-99999.0,-99999.0,-99999.0,-99999.0,-99999.0,-99999.0,-99999.0,-99999.0,-99999.0,-99999.0
-150.0,187.0,-35.0,-1.0,2.0,68.2,-87.9,19.9,-0.0,0.5,60.03,-0.0,-99999.0,-99999.0,-99999.0,-99999.0,-99999.0,-99999.0,-99999.0,-99999.0,-99999.0,-99999.0,-99999.0,-99999.0
131.0,64.0,-196.0,0.0,-1.0,-62.3,-28.1,90.4,0.0,3.2,60.03,-0.0,-99999.0,-99999.0,-99999.0,-99999.0,-99999.0,-99999.0,-99999.0,-99999.0,-99999.0,-99999.0,-99999.0,-99999.0
148.0,-188.0,35.0,0.0,-6.0,-68.2,88.0,-20.1,0.0,-0.4,60.03,-0.0,-99999.0,-99999.0,-99999.0,-99999.0,-99999.0,-99999.0,-99999.0,-99999.0,-99999.0,-99999.0,-99999.0,-99999.0
-133.0,-64.0,194.0,0.0,-2.0,62.5,27.9,-90.4,-0.0,-3.1,60.03,-0.0,-99999.0,-99999.0,-99999.0,-99999.0,-99999.0,-99999.0,-99999.0,-99999.0,-99999.0,-99999.0,-99999.0,-99999.0
-149.0,187.0,-36.0,-1.0,2.0,68.0,-88.0,20.3,-0.0,0.4,60.03,-0.0,-99999.0,-99999.0,-99999.0,-99999.0,-99999.0,-99999.0,-99999.0,-99999.0,-99999.0,-99999.0,-99999.0,-99999.0
132.0,62.0,-194.0,-1.0,0.0,-62.6,-27.7,90.3,0.0,3.0,60.03,-0.0,-99999.0,-99999.0,-99999.0,-99999.0,-99999.0,-99999.0,-99999.0,-99999.0,-99999.0,-99999.0,-99999.0,-99999.0
148.0,-187.0,36.0,0.0,-4.0,-67.9,88.1,-20.5,0.0,-0.4,60.03,-0.0,-99999.0,-99999.0,-99999.0,-99999.0,-99999.0,-99999.0,-99999.0,-99999.0,-99999.0,-99999.0,-99999.0,-99999.0
-133.0,-64.0,193.0,0.0,-4.0,62.7,27.6,-90.3,-0.0,-2.9,60.03,-0.0,-99999.0,-99999.0,-99999.0,-99999.0,-99999.0,-99999.0,-99999.0,-99999.0,-99999.0,-99999.0,-99999.0,-99999.0
-148.0,187.0,-37.0,-1.0,2.0,67.8,-88.2,20.7,-0.0,0.4,60.03,-0.0,-99999.0,-99999.0,-99999.0,-99999.0,-99999.0,-99999.0,-99999.0,-99999.0,-99999.0,-99999.0,-99999.0,-99999.0
132.0,62.0,-194.0,-1.0,0.0,-62.8,-27.5,90.3,0.0,2.8,60.03,-0.0,-99999.0,-99999.0,-99999.0,-99999.0,-99999.0,-99999.0,-99999.0,-99999.0,-99999.0,-99999.0,-99999.0,-99999.0
146.0,-188.0,37.0,0.0,-5.0,-67.7,88.2,-20.8,0.0,-0.4,60.03,-0.0,-99999.0,-99999.0,-99999.0,-99999.0,-99999.0,-99999.0,-99999.0,-99999.0,-99999.0,-99999.0,-99999.0,-99999.0
-134.0,-64.0,193.0,0.0,-5.0,63.0,27.3,-90.3,0.0,-2.8,60.03,-0.0,-99999.0,-99999.0,-99999.0,-99999.0,-99999.0,-99999.0,-99999.0,-99999.0,-99999.0,-99999.0,-99999.0,-99999.0
-148.0,187.0,-38.0,0.0,1.0,67.6,-88.3,20.9,-0.0,0.3,60.03,-0.0,-99999.0,-99999.0,-99999.0,-99999.0,-99999.0,-99999.0,-99999.0,-99999.0,-99999.0,-99999.0,-99999.0,-99999.0
132.0,61.0,-193.0,-1.0,0.0,-63.1,-27.2,90.3,0.0,2.7,60.03,-0.0,-99999.0,-99999.0,-99999.0,-99999.0,-99999.0,-99999.0,-99999.0,-99999.0,-99999.0,-99999.0,-99999.0,-99999.0
146.0,-188.0,37.0,0.0,-5.0,-67.5,88.4,-21.1,0.0,-0.3,60.03,-0.0,-99999.0,-99999.0,-99999.0,-99999.0,-99999.0,-99999.0,-99999.0,-99999.0,-99999.0,-99999.0,-99999.0,-99999.0
-133.0,-62.0,192.0,0.0,-4.0,63.2,27.0,-90.3,-0.0,-2.6,60.03,-0.0,-99999.0,-99999.0,-99999.0,-99999.0,-99999.0,-99999.0,-99999.0,-99999.0,-99999.0,-99999.0,-99999.0,-99999.0
-146.0,187.0,-40.0,-1.0,1.0,67.4,-88.4,21.3,-0.0,0.3,60.03,-0.0,-99999.0,-99999.0,-99999.0,-99999.0,-99999.0,-99999.0,-99999.0,-99999.0,-99999.0,-99999.0,-99999.0,-99999.0
132.0,61.0,-193.0,-1.0,0.0,-63.4,-26.9,90.2,0.0,2.5,60.03,-0.0,-99999.0,-99999.0,-99999.0,-99999.0,-99999.0,-99999.0,-99999.0,-99999.0,-99999.0,-99999.0,-99999.0,-99999.0
145.0,-188.0,38.0,0.0,-5.0,-67.3,88.5,-21.4,0.0,-0.3,60.03,-0.0,-99999.0,-99999.0,-99999.0,-99999.0,-99999.0,-99999.0,-99999.0,-99999.0,-99999.0,-99999.0,-99999.0,-99999.0
-133.0,-61.0,192.0,0.0,-2.0,63.5,26.7,-90.2,-0.0,-2.4,60.03,-0.0,-99999.0,-99999.0,-99999.0,-99999.0,-99999.0,-99999.0,-99999.0,-99999.0,-99999.0,-99999.0,-99999.0,-99999.0
-145.0,187.0,-40.0,0.0,2.0,67.2,-88.6,21.6,-0.0,0.3,60.03,-0.0,-99999.0,-99999.0,-99999.0,-99999.0,-99999.0,-99999.0,-99999.0,-99999.0,-99999.0,-99999.0,-99999.0,-99999.0
132.0,60.0,-193.0,0.0,-1.0,-63.7,-26.5,90.1,0.0,2.3,60.03,-0.0,-99999.0,-99999.0,-99999.0,-99999.0,-99999.0,-99999.0,-99999.0,-99999.0,-99999.0,-99999.0,-99999.0,-99999.0
145.0,-188.0,38.0,-1.0,-5.0,-67.0,88.6,-21.8,0.0,-0.3,60.03,-0.0,-99999.0,-99999.0,-99999.0,-99999.0,-99999.0,-99999.0,-99999.0,-99999.0,-99999.0,-99999.0,-99999.0,-99999.0
-134.0,-60.0,192.0,0.0,-2.0,63.8,26.3,-90.1,0.0,-2.3,60.03,-0.0,-99999.0,-99999.0,-99999.0,-99999.0,-99999.0,-99999.0,-99999.0,-99999.0,-99999.0,-99999.0,-99999.0,-99999.0
-146.0,187.0,-40.0,0.0,1.0,66.9,-88.7,22.0,-0.0,0.3,60.03,-0.0,-99999.0,-99999.0,-99999.0,-99999.0,-99999.0,-99999.0,-99999.0,-99999.0,-99999.0,-99999.0,-99999.0,-99999.0
133.0,59.0,-192.0,-1.0,0.0,-64.0,-26.1,90.1,0.0,2.2,60.03,-0.0,-99999.0,-99999.0,-99999.0,-99999.0,-99999.0,-99999.0,-99999.0,-99999.0,-99999.0,-99999.0,-99999.0,-99999.0
144.0,-188.0,38.0,0.0,-6.0,-66.8,88.7,-22.2,0.0,-0.3,60.03,-0.0,-99999.0,-99999.0,-99999.0,-99999.0,-99999.0,-99999.0,-99999.0,-99999.0,-99999.0,-99999.0,-99999.0,-99999.0
-134.0,-60.0,191.0,0.0,-4.0,64.1,25.9,-90.0,0.0,-2.1,60.03,-0.0,-99999.0,-99999.0,-99999.0,-99999.0,-99999.0,-99999.0,-99999.0,-99999.0,-99999.0,-99999.0,-99999.0,-99999.0
-145.0,187.0,-40.0,-1.0,2.0,66.6,-88.8,22.4,-0.0,0.2,60.03,-0.0,-99999.0,-99999.0,-99999.0,-99999.0,-99999.0,-99999.0,-99999.0,-99999.0,-99999.0,-99999.0,-99999.0,-99999.0
134.0,59.0,-193.0,0.0,0.0,-64.3,-25.7,90.0,0.0,2.1,60.03,-0.0,-99999.0,-99999.0,-99999.0,-99999.0,-99999.0,-99999.0,-99999.0,-99999.0,-99999.0,-99999.0,-99999.0,-99999.0
143.0,-188.0,41.0,0.0,-5.0,-66.5,88.9,-22.7,0.0,-0.2,60.03,-0.0,-99999.0,-99999.0,-99999.0,-99999.0,-99999.0,-99999.0,-99999.0,-99999.0,-99999.0,-99999.0,-99999.0,-99999.0
-136.0,-60.0,192.0,-1.0,-4.0,64.4,25.5,-89.9,-0.0,-2.0,60.03,-0.0,-99999.0,-99999.0,-99999.0,-99999.0,-99999.0,-99999.0,-99999.0,-99999.0,-99999.0,-99999.0,-99999.0,-99999.0
-144.0,187.0,-42.0,0.0,1.0,66.3,-89.0,22.9,-0.0,0.2,60.03,-0.0,-99999.0,-99999.0,-99999.0,-99999.0,-99999.0,-99999.0,-99999.0,-99999.0,-99999.0,-99999.0,-99999.0,-99999.0
134.0,58.0,-193.0,0.0,-1.0,-64.6,-25.3,89.9,0.0,1.9,60.03,-0.0,-99999.0,-99999.0,-99999.0,-99999.0,-99999.0,-99999.0,-99999.0,-99999.0,-99999.0,-99999.0,-99999.0,-99999.0
142.0,-190.0,41.0,-1.0,-7.0,-66.2,89.0,-23.1,0.0,-0.2,60.03,-0.0,-99999.0,-99999.0,-99999.0,-99999.0,-99999.0,-99999.0,-99999.0,-99999.0,-99999.0,-99999.0,-99999.0,-99999.0
-137.0,-58.0,192.0,0.0,-2.0,64.7,25.1,-89.8,-0.0,-1.9,60.03,-0.0,-99999.0,-99999.0,-99999.0,-99999.0,-99999.0,-99999.0,-99999.0,-99999.0,-99999.0,-99999.0,-99999.0,-99999.0
-143.0,188.0,-42.0,-1.0,4.0,66.0,-89.1,23.3,-0.0,0.2,60.03,-0.0,-99999.0,-99999.0,-99999.0,-99999.0,-99999.0,-99999.0,-99999.0,-99999.0,-99999.0,-99999.0,-99999.0,-99999.0
136.0,56.0,-192.0,-1.0,0.0,-64.9,-24.9,89.8,0.0,1.8,60.04,-0.0,-99999.0,-99999.0,-99999.0,-99999.0,-99999.0,-99999.0,-99999.0,-99999.0,-99999.0,-99999.0,-99999.0,-99999.0
143.0,-188.0,41.0,0.0,-5.0,-65.9,89.2,-23.4,0.0,-0.2,60.04,-0.0,-99999.0,-99999.0,-99999.0,-99999.0,-99999.0,-99999.0,-99999.0,-99999.0,-99999.0,-99999.0,-99999.0,-99999.0
-118.0,-43.0,138.0,0.0,-23.0,64.8,24.6,-89.5,-0.0,-1.8,60.04,-0.0,-99999.0,-99999.0,-99999.0,-99999.0,-99999.0,-99999.0,-99999.0,-99999.0,-99999.0,-99999.0,-99999.0,-99999.0
-97.0,140.0,-20.0,-1.0,23.0,65.8,-88.8,22.8,-0.0,0.2,60.04,-0.0,-99999.0,-99999.0,-99999.0,-99999.0,-99999.0,-99999.0,-99999.0,-99999.0,-99999.0,-99999.0,-99999.0,-99999.0
49.0,14.0,-43.0,-1.0,20.0,-64.4,-25.0,89.5,0.0,1.7,60.04,-0.0,-99999.0,-99999.0,-99999.0,-99999.0,-99999.0,-99999.0,-99999.0,-99999.0,-99999.0,-99999.0,-99999.0,-99999.0
25.0,-47.0,-1.0,0.0,-23.0,-60.1,82.5,-22.0,0.0,-0.1,60.04,-0.0,-99999.0,-99999.0,-99999.0,-99999.0,-99999.0,-99999.0,-99999.0,-99999.0,-99999.0,-99999.0,-99999.0,-99999.0
4.0,0.0,0.0,0.0,4.0,57.8,6.0,-63.8,-0.0,-1.6,60.04,-0.0,-99999.0,-99999.0,-99999.0,-99999.0,-99999.0,-99999.0,-99999.0,-99999.0,-99999.0,-99999.0,-99999.0,-99999.0
-2.0,-2.0,0.0,-1.0,-5.0,26.9,-38.0,10.9,-0.0,-1.6,60.04,-0.0,-99999.0,-99999.0,-99999.0,-99999.0,-99999.0,-99999.0,-99999.0,-99999.0,-99999.0,-99999.0,-99999.0,-99999.0
-6.0,-2.0,-2.0,-1.0,-11.0,-25.7,6.7,18.9,0.0,1.5,60.04,-0.0,-99999.0,-99999.0,-99999.0,-99999.0,-99999.0,-99999.0,-99999.0,-99999.0,-99999.0,-99999.0,-99999.0,-99999.0
0.0,0.0,0.0,0.0,0.0,0.3,-0.2,-0.1,-0.0,2.1,60.04,-0.0,-99999.0,-99999.0,-99999.0,-99999.0,-99999.0,-99999.0,-99999.0,-99999.0,-99999.0,-99999.0,-99999.0,-99999.0
0.0,-1.0,-1.0,-1.0,-2.0,0.0,0.0,-0.0,0.0,-1.5,60.04,-0.0,-99999.0,-99999.0,-99999.0,-99999.0,-99999.0,-99999.0,-99999.0,-99999.0,-99999.0,-99999.0,-99999.0,-99999.0
0.0,-1.0,0.0,-1.0,-1.0,0.0,-0.0,0.0,0.0,-2.1,60.04,-0.0,-99999.0,-99999.0,-99999.0,-99999.0,-99999.0,-99999.0,-99999.0,-99999.0,-99999.0,-99999.0,-99999.0,-99999.0
0.0,-1.0,0.0,0.0,-1.0,-0.0,-0.0,0.0,-0.0,1.4,60.04,-0.0,-99999.0,-99999.0,-99999.0,-99999.0,-99999.0,-99999.0,-99999.0,-99999.0,-99999.0,-99999.0,-99999.0,-99999.0
